17CLC2,,,,,
No,ID,Fullname,Email,Phone,Username
1,1753007,Duong Khac Duy,1753007@hcmus.edu.vn,900007,1753007
2,1753008,Tran Quang Dai,1753008@hcmus.edu.vn,900008,1753008
3,1753009,Hoang Le Anh tuan,1753009@hcmus.edu.vn,900009,1753009
4,1753010,Le Gia Bao,1753010@hcmus.edu.vn,900010,1753010
5,1753011,Nguyen Van Viet,1753011@hcmus.edu.vn,900011,1753011
6,1753012,Le Thi Hong,1753012@hcmus.edu.vn,900012,1753012
7,1753013,Hoang Duong Vy,1753013@hcmus.edu.vn,900013,1753013
8,1753014,Nguyen Le Tuong Vy,1753014@hcmus.edu.vn,900014,1753014
9,1753015,Duong Thi Nguyet,1753015@hcmus.edu.vn,900015,1753015
